business_name,mobile_number,coaching_type,rating,reviews,website,short_address,district,taluka,city,maps_link
Bharat Makhija's Coaching Classes,9359310990,Tuition,5.0,51,http://on-app.in,"Gadge Nagar, Amravati",Amravati,,,https://www.google.com/maps/place/Bharat Makhija's Coaching Classes/data=!4m7!3m6!1s0x3bd6a3430cb88b0f:0xcdc6597ed3668caf!8m2!3d20.950908!4d77.7637594!16s/g/11g9vpznkq!19sChIJD4u4DEOj1jsRr4xm035Zxs0
Fulor Academy,9372951606,"Tuition, Kids Learning",5.0,138,http://fulor.org,"Shilangan Rd, Amravati",Amravati,,,https://www.google.com/maps/place/Fulor Academy/data=!4m7!3m6!1s0x3bd6a4b46a34771d:0xf978a2cab02223a!8m2!3d20.9170017!4d77.7489237!16s/g/1tdp_lg6!19sChIJHXc0arSk1jsROiICqyyKlw8
Ibt Amravati,7977916313,Tuition,5.0,23,https://ibtindia.com,"Wadali Naka, Amravati",Amravati,,,https://www.google.com/maps/place/IBT Amravati/data=!4m7!3m6!1s0x3bd6a5b2fd8baafb:0x2a1c21f4bb49f5d!8m2!3d20.9183979!4d77.7677799!16s/g/11ys4mbhp1!19sChIJ-6qL_bKl1jsRXZ-0Sx_CoQI
Rahul Pahlajani Coaching Classes,8983622584,Tuition,5.0,297,https://rpcc.co.in,"Chatrapati Sahu Nagar, Amravati",Amravati,,,https://www.google.com/maps/place/Rahul Pahlajani coaching classes/data=!4m7!3m6!1s0x3bd6a4b9e156c2cd:0x434f6f91d0000000!8m2!3d20.9175126!4d77.7569808!16s/g/11rdx35dh8!19sChIJzcJW4bmk1jsRAAAA0JFvT0M
Ujwal Academy,9307457319,"Computer Classes, Tuition",5.0,43,http://ujwalacademy.org,"Vivekanand Colony, Amravati",Amravati,,,https://www.google.com/maps/place/Ujwal Academy/data=!4m7!3m6!1s0x3bd6a55db7272ba9:0xf07a97f288a78d9e!8m2!3d20.9271796!4d77.7676647!16s/g/11wp12ypph!19sChIJqSsnt12l1jsRno2niPKXevA
Unacademy Coaching Center Amravati IIT JEE NEET & Foundation Classes,,"IIT JEE, NEET, NDA, Tuition",5.0,1,https://unacademy.com,"Sharda Vihar, Amravati",Amravati,,,"https://www.google.com/maps/place/Unacademy Coaching Center Amravati IIT JEE, NEET & Foundation Classes/data=!4m7!3m6!1s0x3bd6a56500712021:0xd4a5eaa44e493b17!8m2!3d20.9162736!4d77.7533691!16s/g/11yp7_xkzz!19sChIJISBxAGWl1jsRFztJTqTqpdQ"
Abhijeet Men Academy,8275418855,"IIT JEE, Tuition",4.9,169,http://abhijeetmenacademy.in,"Rajapeth, Amravati",Amravati,,,https://www.google.com/maps/place/Abhijeet Men Academy/data=!4m7!3m6!1s0x3bd6a4ba64e3079f:0x5d610b8a86e3d12e!8m2!3d20.9188975!4d77.7610106!16s/g/11g6_wlmby!19sChIJnwfjZLqk1jsRLtHjhooLYV0
Academicstuff,8830627072,"Computer Classes, Tuition",4.9,34,https://academicstuff.co.in,"Jalandhar Cantt, Amravati",Amravati,,,https://www.google.com/maps/place/AcademicStuff/data=!4m7!3m6!1s0x3bd6a4a1786a8e3d:0xd60ce1168b5d965c!8m2!3d20.9131389!4d77.7661181!16s/g/11bw5v8jhh!19sChIJPY5qeKGk1jsRXJZdixbhDNY
Archi Learn,8983028111,Tuition,4.9,202,https://archilearn.in,"Patvipura, Amravati",Amravati,,,https://www.google.com/maps/place/Archi Learn/data=!4m7!3m6!1s0x3bd6a4b269eb5715:0xc2e5fcde5cf6fc8f!8m2!3d20.9226512!4d77.7490087!16s/g/11c6cjbtyk!19sChIJFVfrabKk1jsRj_z2XN785cI
Av360,8668973243,CET,4.9,256,https://av360.in,"Rajapeth, Amravati",Amravati,,,https://www.google.com/maps/place/AV360/data=!4m7!3m6!1s0x3bd6a3afc9402f3d:0xafde7ee3c5cd98e9!8m2!3d20.9201999!4d77.7541554!16s/g/11h8_fp2y4!19sChIJPS9Aya-j1jsR6ZjNxeN-3q8
Bhande Sir's Academy Bsa,9766577526,Tuition,4.9,1212,https://youtube.com,"Gadge Nagar, Amravati",Amravati,,,https://www.google.com/maps/place/BHANDE Sir's ACADEMY (BSA)/data=!4m7!3m6!1s0x3bd6a342bb318727:0x18d4bc5457d5b60e!8m2!3d20.9496858!4d77.7672707!16s/g/11d_2js4h9!19sChIJJ4cxu0Kj1jsRDrbVV1S81Bg
Daga Coaching Classes Sharda Nagar,9421955173,Tuition,4.9,363,http://dagacoachingclasses.com,"Sharda Vihar, Amravati",Amravati,,,"https://www.google.com/maps/place/DAGA COACHING CLASSES, Sharda Nagar/data=!4m7!3m6!1s0x3bd6a4b38ac282c5:0xab906e31735176e1!8m2!3d20.9166891!4d77.7481672!16s/g/11g6rjghqq!19sChIJxYLCirOk1jsR4XZRczFukKs"
Om Tutorials,8655744525,CET,4.9,62,https://youtube.com,"Parmar Lawns, Amravati",Amravati,,,https://www.google.com/maps/place/Om Tutorials/data=!4m7!3m6!1s0x3bd6a5c4934b8657:0xfdc178844186a7f8!8m2!3d20.9129876!4d77.7874361!16s/g/11q1pf68r6!19sChIJV4ZLk8Sl1jsR-KeGQYR4wf0
Oxford Spoken English Classes Radha Nagar Gadge Nagar Amravati,9307105723,"Spoken English, Tuition, English Academy",4.9,664,https://youtube.com,"Gadge Nagar, Amravati",Amravati,,,"https://www.google.com/maps/place/Oxford Spoken English Classes,Radha nagar (Gadge Nagar) Amravati)/data=!4m7!3m6!1s0x3bd6a3c3b6dbdc23:0x847372c2876e3488!8m2!3d20.9438532!4d77.769493!16s/g/11p7379qfv!19sChIJI9zbtsOj1jsRiDRuh8Jyc4Q"
Proficient Study Abroad,9545894694,Tuition,4.9,312,https://proficienttestprep.com,"Camp Rd, Amravati",Amravati,,,https://www.google.com/maps/place/PROFICIENT: STUDY ABROAD/data=!4m7!3m6!1s0x3bd6a50e6103f4af:0x6d4e7c6566d7512b!8m2!3d20.9352807!4d77.7693059!16s/g/11g1nm884l!19sChIJr_QDYQ6l1jsRK1HXZmV8Tm0
Quantum Academy,8055507508,"IIT JEE, NEET, CET, NDA, Tuition",4.9,30,https://quantumacademyamravati.com,"Shyam Nagar, Amravati",Amravati,,,"https://www.google.com/maps/place/Quantum Academy JEE Classes, Courses In Amravati NEET Classes MHT-CET Classes Foundation Courses In Amravati/data=!4m7!3m6!1s0x3bd6a5d99f5fe075:0x165a26f48202df5d!8m2!3d20.9265509!4d77.774515!16s/g/11ygf2f0n0!19sChIJdeBfn9ml1jsRXd8CgvQmWhY"
Velocity Career Guidance & Academy,8055511316,Tuition,4.9,51,https://classplusapp.com,"Gadge Nagar, Amravati",Amravati,,,https://www.google.com/maps/place/Velocity Career Guidance & Academy/data=!4m7!3m6!1s0x3bd6a3003a2c45bb:0xd12f74bb83ce6d40!8m2!3d20.9478326!4d77.7702361!16s/g/11w903vjhw!19sChIJu0UsOgCj1jsRQG3Og7t0L9E
We Trade Institute,9004009159,Tuition,4.9,199,https://wetradeinstitute.com,"Bapu Colony, Amravati",Amravati,,,https://www.google.com/maps/place/We Trade Institute - Stock Market Academy Share Market Classes/data=!4m7!3m6!1s0x3bd6bb4907b31389:0x337855e6f46c5dc6!8m2!3d20.9123001!4d77.7417576!16s/g/11tk31j4js!19sChIJiROzB0m71jsRxl1s9OZVeDM
Dnyan Foundation,8007472741,"CET, NDA, Tuition",4.8,44,http://dnyanfoundation.org,"Vivekanand Colony, Amravati",Amravati,,,https://www.google.com/maps/place/Dnyan Foundation - Best CBSE Coaching Classes In Amravati Best Foundation Classes Amravati MHT-CET Classes Amravati /data=!4m7!3m6!1s0x3bd6a4a3013560c1:0xa8fc977642a2a2ba!8m2!3d20.928199!4d77.7632281!16s/g/11f__l66z0!19sChIJwWA1AaOk1jsRuqKiQnaX_Kg
Knowledge Hub Coaching Classes,9096899166,Tuition,4.8,137,http://knowledgehubamt.org,"Paradise Colony, Amravati",Amravati,,,https://www.google.com/maps/place/Knowledge Hub Coaching Classes/data=!4m7!3m6!1s0x3bd6bcb499bc98c3:0x8d32d07ced4c5993!8m2!3d20.9522616!4d77.7416168!16s/g/11c2p8_kt8!19sChIJw5i8mbS81jsRk1lM7XzQMo0
Malpani Eduhub,7387329099,Tuition,4.8,124,http://vardhishnuacademy.com,"Ravi Nagar, Amravati",Amravati,,,https://www.google.com/maps/place/Malpani EduHub/data=!4m7!3m6!1s0x3bd6a5d328db3709:0xfd95b2bf9e161812!8m2!3d20.9169448!4d77.7485834!16s/g/11h23mh_yz!19sChIJCTfbKNOl1jsREhgWnr-ylf0
Rathi Career Forum Pvt Ltd,7057705715,"Commerce Classes, Tuition",4.8,341,http://rcfamt.com,"Amrawati Tahsil, Amravati",Amravati,,,https://www.google.com/maps/place/Rathi Career Forum Pvt Ltd/data=!4m7!3m6!1s0x3bd6a354000001c9:0xeeba8c3d4550d72c!8m2!3d20.9315486!4d77.7565036!16s/g/1pt_vc5z9!19sChIJyQEAAFSj1jsRLNdQRT2Muu4
Speakwell Spoken English Classes English And Personality Development Institute I Academy Government Approved Amravati,7796876355,"Spoken English, Tuition, English Academy",4.8,208,https://spokenenglishamravati.com,"Gadge Nagar, Amravati",Amravati,,,https://www.google.com/maps/place/Speakwell Spoken English Classes- English And Personality Development Institute I Academy Government Approved Amravati/data=!4m7!3m6!1s0x3bd4c1e5904b01cf:0x66cdda1aa7908884!8m2!3d20.9462816!4d77.764385!16s/g/11krh46kvc!19sChIJzwFLkOXB1DsRhIiQpxrazWY
Dcs Badnera Cad Cam Training Center Amravati,8668711567,Tuition,4.7,60,https://dcs-badnera-cad-cam-training-center.biz.site,"Badnera, Amravati",Amravati,,,https://www.google.com/maps/place/DCS Badnera CAD CAM Training Center Amravati/data=!4m7!3m6!1s0x3bd6bb58b9f4df3b:0x2b19e833394d5082!8m2!3d20.8666689!4d77.7361226!16s/g/11j37hw6nw!19sChIJO9_0uVi71jsRglBNOTPoGSs
Pranay Rathi Academy,9730030686,CET,4.7,252,http://pracademy.co.in,"Amba Peth, Amravati",Amravati,,,https://www.google.com/maps/place/Pranay Rathi Academy/data=!4m7!3m6!1s0x3bd6a4afbe25ad2d:0xd1427aba5cddd1c5!8m2!3d20.9262184!4d77.7545232!16s/g/11b7r4cb7s!19sChIJLa0lvq-k1jsRxdHdXLp6QtE
Vedantu Learning Center Amravati Vlc JEE NEET Foundation,9405347243,"IIT JEE, NEET, NDA, Kids Learning",4.7,3,https://vedantu.com,"Gadge Nagar, Amravati",Amravati,,,"https://www.google.com/maps/place/Vedantu Learning Center, Amravati (VLC)- JEE / NEET / Foundation/data=!4m7!3m6!1s0x3bd6a3a313b9c945:0x3e14179cf5698dd4!8m2!3d20.9445462!4d77.7682319!16s/g/11xdr_d7gj!19sChIJRcm5E6Oj1jsR1I1p9ZwXFD4"
Yashodeep Ias Academy,9767452061,"UPSC, Tuition",4.7,58,http://yashodeepiasacademy.com,"Rampuri Camp, Amravati",Amravati,,,https://www.google.com/maps/place/Yashodeep IAS Academy/data=!4m7!3m6!1s0x3bd6a3027eda3335:0x636c8de5c00031b7!8m2!3d20.9413505!4d77.7646569!16s/g/11h2qmx8c7!19sChIJNTPafgKj1jsRtzEAwOWNbGM
Chintamani Coaching Classes Science Academy Cbse Classes,9422734930,"Tuition, Science",4.6,321,http://chintamanicoaching.com,"Wadali Naka, Amravati",Amravati,,,https://www.google.com/maps/place/Chintamani Coaching Classes / Science Academy / CBSE Classes/data=!4m7!3m6!1s0x3bd6a4c6d238f549:0x75a4a8039ee85def!8m2!3d20.9110157!4d77.7607551!16s/g/1pyql4z7t!19sChIJSfU40sak1jsR713ongOopHU
Vector Academy,9503399225,Tuition,4.6,18,https://vector-academy.grexa.site,"Janardan Peth, Amravati",Amravati,,,https://www.google.com/maps/place/Vector Academy/data=!4m7!3m6!1s0x3bd6a558ab7c9c17:0xa38b84d682f5874a!8m2!3d20.9248163!4d77.7500722!16s/g/11fkvz8qhh!19sChIJF5x8q1il1jsRSof1gtaEi6M
Aakash Institute,8800013065,"IIT JEE, NEET, Tuition",4.5,414,https://centers.aakash.ac.in,"Prabhat Chowk, Amravati",Amravati,,,"https://www.google.com/maps/place/Aakash Institute - Best NEET & IIT-Jee Coaching in Amravati, Prabhat Chowk/data=!4m7!3m6!1s0x3bd6a4a3259b5c11:0x8adb677e9e190c6!8m2!3d20.9305163!4d77.7513459!16s/g/11r9f5pm6!19sChIJEVybJaOk1jsRxpDh6Xe2rQg"
Bansal Classes Amravati Rajapeth,9561067991,Tuition,4.5,323,https://bansal.ac.in,"Madhokar Peth, Amravati",Amravati,,,https://www.google.com/maps/place/Bansal Classes Amravati (Rajapeth)/data=!4m7!3m6!1s0x3bd6a5212801e511:0xcc8ece14c31cddb1!8m2!3d20.9215818!4d77.7546987!16s/g/11j7d07fgc!19sChIJEeUBKCGl1jsRsd0cwxTOjsw
Physics Wallah Vidyapeeth Pathshala Coaching Center Amrawati Rajapeth 8th 12th IIT JEE NEET And Dropper MHT CET,7428890305,"IIT JEE, NEET, CET, Science",4.5,4,https://pw.live,"Rajapeth, Amravati",Amravati,,,"https://www.google.com/maps/place/Physics Wallah Vidyapeeth Pathshala Coaching Center Amrawati Rajapeth (8th-12th ) IIT-JEE, NEET and Dropper MHT-CET/data=!4m7!3m6!1s0x3bd6a59061988599:0xd643d620a81bf63c!8m2!3d20.9178468!4d77.7531816!16s/g/11m6bymz9k!19sChIJmYWYYZCl1jsRPPYbqCDWQ9Y"
T.i.m.e.,7212551334,Tuition,4.5,142,http://time4education.com,,Amravati,,,https://www.google.com/maps/place/T.I.M.E./data=!4m7!3m6!1s0x3bd6a4b6bd35f567:0xdde695e8e2b9eaf!8m2!3d20.9167361!4d77.7515678!16s/g/11c60zpw3x!19sChIJZ_U1vbak1jsRr54rjl5p3g0
Shikhar Educare,8421288304,IIT JEE,4.4,152,https://shikhareducare.com,"Vivekanand Colony, Amravati",Amravati,,,https://www.google.com/maps/place/Shikhar Educare/data=!4m7!3m6!1s0x3bd4bf7bdc91fa85:0x1204acf3a77ef7f3!8m2!3d20.9264436!4d77.7664476!16s/g/11b6_q_0mf!19sChIJhfqR3Hu_1DsR8_d-p_OsBBI
Iitians Pace Amravati,9922409101,"IIT JEE, Tuition",4.2,130,http://iitianspace.com,"Gadge Nagar, Amravati",Amravati,,,https://www.google.com/maps/place/IITians Pace Amravati/data=!4m7!3m6!1s0x3bd6a36745249665:0x2e467efaa8c040e0!8m2!3d20.9438306!4d77.7688922!16s/g/11cn5qs8hs!19sChIJZZYkRWej1jsR4EDAqPp-Ri4
Kadam Sir's Classes,9823972809,Tuition,4.0,41,https://facebook.com,"Shyam Nagar, Amravati",Amravati,,,https://www.google.com/maps/place/Kadam Sir's Classes/data=!4m7!3m6!1s0x3bd6a4bd4e0f3b2f:0x5e0351309533e9c6!8m2!3d20.925515!4d77.7678195!16s/g/11csb2nkvv!19sChIJLzsPTr2k1jsRxukzlTBRA14
Icad Institute Amravati Best IIT JEE NEET & Foundation Coaching Center,7074347074,"IIT JEE, NEET, NDA",3.9,134,http://icadiit.com,"Maltekdi, Amravati",Amravati,,,"https://www.google.com/maps/place/ICAD Institute Amravati Best IIT JEE, NEET & Foundation Coaching Center/data=!4m7!3m6!1s0x3bd6a4a61fd1c9d9:0x6d49f69c4e27f906!8m2!3d20.9310662!4d77.7592523!16s/g/11bc7r3w30!19sChIJ2cnRH6ak1jsRBvknTpz2SW0"
Gravity Foundation Classes,9623571945,"NDA, Tuition",,,https://zresm.courses.store,Amravati,Amravati,,,https://www.google.com/maps/place/Gravity Foundation Classes/data=!4m7!3m6!1s0x3bd6bd301d9982ef:0xaaad7365384a7d17!8m2!3d20.9387189!4d77.7389226!16s/g/11yfs7dxb1!19sChIJ74KZHTC91jsRF31KOGVzrao
Agrawal's Professional Academy Apa,9860792522,Tuition,5.0,80,,"Amba Peth, Amravati",Amravati,,,https://www.google.com/maps/place/AGRAWAL'S PROFESSIONAL ACADEMY (APA)/data=!4m7!3m6!1s0x3bd6a5c0b01ca1a1:0xaef18533de78822d!8m2!3d20.9260264!4d77.7561281!16s/g/11t3vmcybn!19sChIJoaEcsMCl1jsRLYJ43jOF8a4
Aniket Thakare Chemistry Classes,9890911383,"IIT JEE, NEET, CET, Tuition, Science",5.0,270,,"Sharda Vihar, Amravati",Amravati,,,https://www.google.com/maps/place/Aniket Thakare Chemistry Classes - Best JEE Coaching Classes In Amravati Best NEET Coaching Classes In Amravati MHT-CET/data=!4m7!3m6!1s0x3bd6a56b2da87eb3:0x5a99dc042310bda8!8m2!3d20.9169834!4d77.7516255!16s/g/11sswp5_gv!19sChIJs36oLWul1jsRqL0QIwTcmVo
Chanakya Academy,,Tuition,5.0,39,,"Vivekanand Colony, Amravati",Amravati,,,https://www.google.com/maps/place/CHANAKYA Academy/data=!4m7!3m6!1s0x3bd6a5001a136ee3:0xbf582ff9ec0c32a6!8m2!3d20.9206584!4d77.7592047!16s/g/11vxphvlgy!19sChIJ424TGgCl1jsRpjIM7PkvWL8
Creative Academy,7350710712,Tuition,5.0,31,,"Panchavati, Amravati",Amravati,,,https://www.google.com/maps/place/Creative Academy/data=!4m7!3m6!1s0x3bd6a35e944ff01d:0xb675d2904670b329!8m2!3d20.941351!4d77.764025!16s/g/11tjy87kbv!19sChIJHfBPlF6j1jsRKbNwRpDSdbY
Dr Madhuri Gulhane's Biology Uccb Amravati Best NEET Biology Amravati,7709161757,"NEET, Science",5.0,64,,"Uccb, Amravati",Amravati,,,https://www.google.com/maps/place/Dr Madhuri Gulhane's Biology UCCB Amravati Best NEET Biology Amravati/data=!4m7!3m6!1s0x3bd6a3a9b73b540f:0x99736d5c805adee5!8m2!3d20.9183927!4d77.7489633!16s/g/11hy_82_0_!19sChIJD1Q7t6mj1jsR5d5agFxtc5k
Global Spoken English & Personality Development,9637339536,"Spoken English, Tuition",5.0,674,,"Transport Nagar, Amravati",Amravati,,,https://www.google.com/maps/place/GLOBAL SPOKEN ENGLISH & PERSONALITY DEVELOPMENT/data=!4m7!3m6!1s0x3bd6bd9c9f941d3f:0xc5defe1b0fdbe936!8m2!3d20.9452371!4d77.7421277!16s/g/11hyvdktbd!19sChIJPx2Un5y91jsRNunbDxv-3sU
Jayhari Shep Physics Classes,8975738087,"Tuition, Science",5.0,251,,"Devankar Nagar, Amravati",Amravati,,,https://www.google.com/maps/place/Jayhari Shep physics classes/data=!4m7!3m6!1s0x3bd6a51f272ccf17:0x8dd89a90a60a10de!8m2!3d20.9178433!4d77.7520711!16s/g/11h4qhv_gx!19sChIJF88sJx-l1jsR3hAKppCa2I0
Kushwah Sir Concept Of Chemistry,8208614452,"Tuition, Science",5.0,65,,"Ganesh Colony, Amravati",Amravati,,,https://www.google.com/maps/place/Kushwah Sir Concept of Chemistry/data=!4m7!3m6!1s0x3bd6a5fcec094629:0x3a513257a0760020!8m2!3d20.9211763!4d77.7483581!16s/g/11v9_swss6!19sChIJKUYJ7Pyl1jsRIAB2oFcyUTo
Nucleon Coaching Center,8275288882,Tuition,5.0,31,,"Gadge Nagar, Amravati",Amravati,,,https://www.google.com/maps/place/Nucleon Coaching Center/data=!4m7!3m6!1s0x3bd6a3e1d61ca88b:0x210ac3bfe14db829!8m2!3d20.9505985!4d77.7660941!16s/g/11xtglwq14!19sChIJi6gc1uGj1jsRKbhN4b_DCiE
Range Sir Biology Classes,8149694591,"NEET, CET, Tuition, Science",5.0,88,,"Sharda Vihar, Amravati",Amravati,,,https://www.google.com/maps/place/Range Sir Biology Classes - Best Biology Classes In Amravati NEET Classes In Amravati CET Classes Amravati/data=!4m7!3m6!1s0x3bd6a54ff9ea3ba3:0x2e118e0f3e34ecf5!8m2!3d20.9178423!4d77.7520915!16s/g/11syw_r734!19sChIJozvq-U-l1jsR9ew0Pg-OES4
Rg Classes 11th 12th Commerce Classes,8380885566,"Commerce Classes, CA, Tuition",5.0,112,,"Amrawati Tahsil, Amravati",Amravati,,,"https://www.google.com/maps/place/RG Classes 11th 12th Commerce Classes , CA Classes Amravati/data=!4m7!3m6!1s0x3bd6a50121523205:0x4c4de5a799c9cdf7!8m2!3d20.9292155!4d77.7565492!16s/g/11h6g2c_7_!19sChIJBTJSIQGl1jsR983JmaflTUw"
Studentspoint4u,,Tuition,5.0,6,,"Zakir Colony, Amravati",Amravati,,,https://www.google.com/maps/place/studentspoint4u/data=!4m7!3m6!1s0x3bd6bd02d211033f:0xcf6aae2a71d22a56!8m2!3d20.9401132!4d77.7434096!16s/g/11fl5mjl2b!19sChIJPwMR0gK91jsRVirScSquas8
Bhuyar Sir Educare,9420123994,Tuition,4.9,134,,"Navsaari, Amravati",Amravati,,,https://www.google.com/maps/place/Bhuyar Sir Educare/data=!4m7!3m6!1s0x3bd6bdc620bc1e93:0x80e0281b0b4f434f!8m2!3d20.9742868!4d77.7399714!16s/g/11n8sww8wg!19sChIJkx68IMa91jsRT0NPCxso4IA
Ccit Banking Institute Amravati,7219596555,"CET, Banking",4.9,294,,"Sharda Vihar, Amravati",Amravati,,,https://www.google.com/maps/place/CCIT BANKING INSTITUTE AMRAVATI/data=!4m7!3m6!1s0x3bd6a58b6cef3419:0xf332a123c089bded!8m2!3d20.9185134!4d77.7539012!16s/g/11fhzzvclx!19sChIJGTTvbIul1jsR7b2JwCOhMvM
Dnyaneshwari English Classes,,"Tuition, English Academy",4.9,30,,"Vijay Colony, Amravati",Amravati,,,https://www.google.com/maps/place/Dnyaneshwari English Classes/data=!4m7!3m6!1s0x3bd6a36ac1fc54dd:0x3e3c87babcaec20b!8m2!3d20.9673198!4d77.7499356!16s/g/11pq5klrgp!19sChIJ3VT8wWqj1jsRC8KuvLqHPD4
Excellence Institute,8446438515,"IIT JEE, Banking, MPSC",4.9,11,,"Gadge Nagar, Amravati",Amravati,Akot,,https://www.google.com/maps/place/Excellence Institute/data=!4m7!3m6!1s0x3bd6a3b7d7dba943:0x6eba5044121dada3!8m2!3d20.9509598!4d77.7630247!16s/g/11s11j6b7l!19sChIJQ6nb17ej1jsRo60dEkRQum4
Excellent Commerce Academy,8975469169,"Commerce Classes, Tuition",4.9,91,,"Kiran Nagar 1, Amravati",Amravati,,,https://www.google.com/maps/place/EXCELLENT COMMERCE ACADEMY/data=!4m7!3m6!1s0x3bd6a5a5d51f81fb:0xb14075299e637fa2!8m2!3d20.9160631!4d77.7665848!16s/g/11rr9020tg!19sChIJ-4Ef1aWl1jsRon9jnil1QLE
Gupta Sirs Shri Sai Commerce Classes,8149912550,"Commerce Classes, Tuition",4.9,33,,"Gadge Nagar, Amravati",Amravati,,,https://www.google.com/maps/place/Gupta Sirs Shri Sai Commerce Classes/data=!4m7!3m6!1s0x3bd6a367f2856e41:0x277b357cb467b792!8m2!3d20.9475047!4d77.7687575!16s/g/11f3jw4h07!19sChIJQW6F8mej1jsRkrdntHw1eyc
Joshi Coaching Classes,7588224447,Tuition,4.9,76,,"Rajapeth, Amravati",Amravati,,,https://www.google.com/maps/place/Joshi Coaching Classes/data=!4m7!3m6!1s0x3bd6a5fb0d5f14a7:0x1490e30aab3671f!8m2!3d20.9216538!4d77.7535446!16s/g/11syr5r24j!19sChIJpxRfDful1jsRH2ezqjAOSQE
One On One Share Market Training And Guidance Centre,8983710731,Tuition,4.9,661,,"Rajkamal Square, Amravati",Amravati,,,https://www.google.com/maps/place/One On One Share Market Training and Guidance Centre/data=!4m7!3m6!1s0x3bd6a58a0129c7f9:0x554aaceaf7ffc4a2!8m2!3d20.9265674!4d77.7532162!16s/g/11f5_l1z4r!19sChIJ-ccpAYql1jsRosT_9-qsSlU
Swami Vivekanand Banking Tutorial,7776019183,"Banking, Tuition",4.9,127,,"Gadge Nagar, Amravati",Amravati,,,https://www.google.com/maps/place/Swami Vivekanand Banking Tutorial/data=!4m7!3m6!1s0x3bd6a39505728569:0x7492269c3c040922!8m2!3d20.9434609!4d77.7694216!16s/g/11f7bzjdy5!19sChIJaYVyBZWj1jsRIgkEPJwmknQ
Yawalkar Tutorials,,Tuition,4.9,90,,"Rajapeth, Amravati",Amravati,,,https://www.google.com/maps/place/YAWALKAR TUTORIALS/data=!4m7!3m6!1s0x3bd6a4b083bb7a69:0xc2167a1ba99cb6d1!8m2!3d20.9208551!4d77.756365!16s/g/11c2lcvqpj!19sChIJaXq7g7Ck1jsR0bacqRt6FsI
Ideal Coaching Classes,9604334722,Tuition,4.8,252,,"Gadge Nagar, Amravati",Amravati,,,https://www.google.com/maps/place/Ideal Coaching Classes/data=!4m7!3m6!1s0x3bd6a36771eaa7c1:0x44d069d9200b10b4!8m2!3d20.9452564!4d77.7693777!16s/g/11g9dj_p5h!19sChIJwafqcWej1jsRtBALINlp0EQ
Maya Centre For Learning,,IIT JEE,4.8,31,,"Bapu Colony, Amravati",Amravati,,,https://www.google.com/maps/place/Maya Centre For Learning/data=!4m7!3m6!1s0x3bd6a56868a5474b:0xa9a82c883cff1d03!8m2!3d20.9125422!4d77.7630301!16s/g/11h49kp3w5!19sChIJS0elaGil1jsRAx3_PIgsqKk
Pravinya Study Circle,9175737538,Tuition,4.8,44,,"Gadge Nagar, Amravati",Amravati,,,https://www.google.com/maps/place/Pravinya Study Circle/data=!4m7!3m6!1s0x3bd6a34d39292f59:0x230e94e496dc7ff6!8m2!3d20.9467053!4d77.7654828!16s/g/11ghpgj5rq!19sChIJWS8pOU2j1jsR9n_cluSUDiM
Awacademy,8983315203,Tuition,4.7,572,,"Rathi Nagar, Amravati",Amravati,,,https://www.google.com/maps/place/AWAcademy/data=!4m7!3m6!1s0x3bd6a342c373a49f:0x771934ee70000000!8m2!3d20.9496639!4d77.7669794!16s/g/11rdx1p4mv!19sChIJn6Rzw0Kj1jsRAAAAcO40GXc
Resonance Academy,7758816553,Tuition,4.7,193,,"Samata Colony, Amravati",Amravati,,,https://www.google.com/maps/place/Resonance Academy/data=!4m7!3m6!1s0x3bd6a33869d29a19:0x5e572438813cff7e!8m2!3d20.9616985!4d77.758921!16s/g/12jlnxrvq!19sChIJGZrSaTij1jsRfv88gTgkV14
Chanakya Academy Ajinkya Waghmare Sir,9503333839,Tuition,4.6,120,,"Gadge Nagar, Amravati",Amravati,,,https://www.google.com/maps/place/CHANAKYA ACADEMY-Ajinkya Waghmare Sir/data=!4m7!3m6!1s0x3bd6a34ce4e68769:0xe28e0fc3350a7ded!8m2!3d20.9512892!4d77.7671668!16s/g/11grbv7x95!19sChIJaYfm5Eyj1jsR7X0KNcMPjuI
Iin Ideal Institute Of NEET,7620599664,"IIT JEE, NEET",4.6,20,,"Jyastambh Chowk, Amravati",Amravati,,,https://www.google.com/maps/place/IIN Ideal Institute of NEET/data=!4m7!3m6!1s0x3bd6a53dbf372ea5:0xd8f927f0b99f0202!8m2!3d20.930639!4d77.7548938!16s/g/11sx4lyj58!19sChIJpS43vz2l1jsRAgKfufAn-dg
Shree Education Zone,8999982145,"CET, Banking",4.6,11,,"Midc Rd, Amravati",Amravati,,,https://www.google.com/maps/place/Shree Education Zone/data=!4m7!3m6!1s0x3bd6a50523833335:0x82182ffbc0106fd!8m2!3d20.8988446!4d77.7647188!16s/g/11f6xzt4nb!19sChIJNTODIwWl1jsR_QYBvP-CIQg
Shri Sadguru Coaching Cbse Home Dna,9822223182,IIT JEE,4.6,98,,"Gopal Nagar, Amravati",Amravati,,,"https://www.google.com/maps/place/Shri Sadguru Coaching, CBSE HOME, DNA/data=!4m7!3m6!1s0x3bd6a4c6098844b7:0xb018d3c069f27b40!8m2!3d20.907129!4d77.7576789!16s/g/11c5rp6rnc!19sChIJt0SICcak1jsRQHvyacDTGLA"
Sai Coaching Classes,9422865474,Tuition,4.4,33,,"Gadge Nagar, Amravati",Amravati,,,https://www.google.com/maps/place/Sai Coaching Classes/data=!4m7!3m6!1s0x3bd6a3433cc106c5:0x3fa70eb8b6d0c585!8m2!3d20.9496799!4d77.7644421!16s/g/11fxvbdp6d!19sChIJxQbBPEOj1jsRhcXQtrgOpz8
Vidarbh Ias Academy Amravati,8668920552,"UPSC, Tuition",4.3,137,,"Gadge Nagar, Amravati",Amravati,,,"https://www.google.com/maps/place/VIDARBH IAS ACADEMY, AMRAVATI/data=!4m7!3m6!1s0x3bd6a3f21cacfe11:0xc30f4ab714127a22!8m2!3d20.9455135!4d77.7686357!16s/g/11f5qrnmt8!19sChIJEf6sHPKj1jsRInoSFLdKD8M"
Convergence Education Academy,7559484667,Tuition,4.1,23,,"Anandwadi, Amravati",Amravati,,,https://www.google.com/maps/place/CONVERGENCE EDUCATION ACADEMY/data=!4m7!3m6!1s0x3bd6a3dea56b7a25:0x3d08e7084c27a1aa!8m2!3d20.970066!4d77.7567027!16s/g/11rr15k0vz!19sChIJJXprpd6j1jsRqqEnTAjnCD0
Gravity Educare IIT JEE NEET Physics And Maths & Maths Classes,9890774811,"IIT JEE, NEET, Tuition, Science, Mathematics",4.0,18,,"Dastur Nagar, Amravati",Amravati,,,https://www.google.com/maps/place/Gravity Educare IIT JEE NEET Physics and maths & Maths classes/data=!4m7!3m6!1s0x3bd6a4ba50fb4469:0x5c3f31f0c8125566!8m2!3d20.918572!4d77.7614808!16s/g/11c2kgnwty!19sChIJaUT7ULqk1jsRZlUSyPAxP1w
Motion Education Amravati,9607768696,Tuition,4.0,49,,"Maltekdi, Amravati",Amravati,,,https://www.google.com/maps/place/Motion Education Amravati/data=!4m7!3m6!1s0x3bd6a5d9af829563:0x49143907268b095!8m2!3d20.9373208!4d77.7739874!16s/g/11shx4_976!19sChIJY5WCr9ml1jsRlbBocpBDkQQ
Vidyaguru Academy Samara Nagar No.1 Amravati,8888831972,Tuition,3.0,2,,"Midc Rd, Amravati",Amravati,,,https://www.google.com/maps/place/Vidyaguru Academy SAMARA nagar no.1 Amravati/data=!4m7!3m6!1s0x3bd6a495742f3593:0x60c03f8a55d1ad31!8m2!3d20.9163582!4d77.7691913!16s/g/11gh2svykb!19sChIJkzUvdJWk1jsRMa3RVYo_wGA
Abhineet Academy,9422917071,"NEET, Tuition",,,,"Deorankar Nagar, Amravati",Amravati,,,https://www.google.com/maps/place/Abhineet Academy/data=!4m7!3m6!1s0x3bd6a4b6bd162ac1:0xb8a8d3bbde02f4c3!8m2!3d20.9169604!4d77.7517535!16s/g/11bx4bjzlw!19sChIJwSoWvbak1jsRw_QC3rvTqLg
